"idBank";"Dernière mise à jour";"Correction";"Quotité de temps de travail";"Puissance";"Indicateur";"Série arrêtée";"Nature";"Métiers";"﻿Base de l'indice";"Périodicité";"Unité";"Zone géographique";"Sexe";"Nomenclature de valorisations"
"001665187";"24/06/2013 12:00";"Non corrigé";"Temps complet";"0";"Salaire net annuel moyen";"oui";"Valeur absolue";"Employés";"Sans objet";"Annuelle";"euros";"France métropolitaine";"Hommes";"Sans objet"
"001665180";"24/06/2013 12:00";"Non corrigé";"Temps complet";"0";"Salaire net annuel moyen";"oui";"Valeur absolue";"Personnel de service";"Sans objet";"Annuelle";"euros";"France métropolitaine";"Ensemble";"Sans objet"
"001665190";"24/06/2013 12:00";"Non corrigé";"Temps complet";"0";"Salaire net annuel moyen";"oui";"Valeur absolue";"Ouvriers";"Sans objet";"Annuelle";"euros";"France métropolitaine";"Hommes";"Sans objet"
"001665185";"24/06/2013 12:00";"Non corrigé";"Temps complet";"0";"Salaire net annuel moyen";"oui";"Valeur absolue";"Cadres moyens";"Sans objet";"Annuelle";"euros";"France métropolitaine";"Femmes";"Sans objet"
"001665189";"24/06/2013 12:00";"Non corrigé";"Temps complet";"0";"Salaire net annuel moyen";"oui";"Valeur absolue";"Employés";"Sans objet";"Annuelle";"euros";"France métropolitaine";"Ensemble";"Sans objet"
"001665182";"24/06/2013 12:00";"Non corrigé";"Temps complet";"0";"Salaire net annuel moyen";"oui";"Valeur absolue";"Cadres supérieurs";"Sans objet";"Annuelle";"euros";"France métropolitaine";"Femmes";"Sans objet"
"001665196";"24/06/2013 12:00";"Non corrigé";"Temps complet";"0";"Salaire net annuel moyen";"oui";"Valeur absolue";"Personnel de service";"Sans objet";"Annuelle";"euros";"France métropolitaine";"Hommes";"Sans objet"
"001665191";"24/06/2013 12:00";"Non corrigé";"Temps complet";"0";"Salaire net annuel moyen";"oui";"Valeur absolue";"Ouvriers";"Sans objet";"Annuelle";"euros";"France métropolitaine";"Femmes";"Sans objet"
"001665181";"24/06/2013 12:00";"Non corrigé";"Temps complet";"0";"Salaire net annuel moyen";"oui";"Valeur absolue";"Cadres supérieurs";"Sans objet";"Annuelle";"euros";"France métropolitaine";"Hommes";"Sans objet"
"001665183";"24/06/2013 12:00";"Non corrigé";"Temps complet";"0";"Salaire net annuel moyen";"oui";"Valeur absolue";"Cadres supérieurs";"Sans objet";"Annuelle";"euros";"France métropolitaine";"Ensemble";"Sans objet"
"001665197";"24/06/2013 12:00";"Non corrigé";"Temps complet";"0";"Salaire net annuel moyen";"oui";"Valeur absolue";"Personnel de service";"Sans objet";"Annuelle";"euros";"France métropolitaine";"Femmes";"Sans objet"
"001665195";"24/06/2013 12:00";"Non corrigé";"Temps complet";"0";"Salaire net annuel moyen";"oui";"Valeur absolue";"Contremaîtres";"Sans objet";"Annuelle";"euros";"France métropolitaine";"Ensemble";"Sans objet"
"001665192";"24/06/2013 12:00";"Non corrigé";"Temps complet";"0";"Salaire net annuel moyen";"oui";"Valeur absolue";"Ouvriers";"Sans objet";"Annuelle";"euros";"France métropolitaine";"Ensemble";"Sans objet"
"001665193";"24/06/2013 12:00";"Non corrigé";"Temps complet";"0";"Salaire net annuel moyen";"oui";"Valeur absolue";"Contremaîtres";"Sans objet";"Annuelle";"euros";"France métropolitaine";"Hommes";"Sans objet"
"001665184";"24/06/2013 12:00";"Non corrigé";"Temps complet";"0";"Salaire net annuel moyen";"oui";"Valeur absolue";"Cadres moyens";"Sans objet";"Annuelle";"euros";"France métropolitaine";"Hommes";"Sans objet"
"001665194";"24/06/2013 12:00";"Non corrigé";"Temps complet";"0";"Salaire net annuel moyen";"oui";"Valeur absolue";"Contremaîtres";"Sans objet";"Annuelle";"euros";"France métropolitaine";"Femmes";"Sans objet"
"001665188";"24/06/2013 12:00";"Non corrigé";"Temps complet";"0";"Salaire net annuel moyen";"oui";"Valeur absolue";"Employés";"Sans objet";"Annuelle";"euros";"France métropolitaine";"Femmes";"Sans objet"
"001665186";"24/06/2013 12:00";"Non corrigé";"Temps complet";"0";"Salaire net annuel moyen";"oui";"Valeur absolue";"Cadres moyens";"Sans objet";"Annuelle";"euros";"France métropolitaine";"Ensemble";"Sans objet"
"001665098";"07/11/2017 04:49";"Non corrigé";"Équivalent temps plein";"0";"Salaire net annuel moyen";"oui";"Valeur absolue";"Chefs d'entreprise";"Sans objet";"Annuelle";"euros";"France métropolitaine jusqu'en 1999, France (métropole + DOM) depuis 2000";"Hommes";"Sans objet"
"001665099";"07/11/2017 04:49";"Non corrigé";"Équivalent temps plein";"0";"Salaire net annuel moyen";"oui";"Valeur absolue";"Chefs d'entreprise";"Sans objet";"Annuelle";"euros";"France métropolitaine jusqu'en 1999, France (métropole + DOM) depuis 2000";"Femmes";"Sans objet"
"001665100";"07/11/2017 04:49";"Non corrigé";"Équivalent temps plein";"0";"Salaire net annuel moyen";"oui";"Valeur absolue";"Chefs d'entreprise";"Sans objet";"Annuelle";"euros";"France métropolitaine jusqu'en 1999, France (métropole + DOM) depuis 2000";"Ensemble";"Sans objet"
"001665101";"07/11/2017 04:49";"Non corrigé";"Équivalent temps plein";"0";"Salaire net annuel moyen";"oui";"Valeur absolue";"Cadres et professions intellectuelles supérieures";"Sans objet";"Annuelle";"euros";"France métropolitaine jusqu'en 1999, France (métropole + DOM) depuis 2000";"Hommes";"Sans objet"
"001665102";"07/11/2017 04:49";"Non corrigé";"Équivalent temps plein";"0";"Salaire net annuel moyen";"oui";"Valeur absolue";"Cadres et professions intellectuelles supérieures";"Sans objet";"Annuelle";"euros";"France métropolitaine jusqu'en 1999, France (métropole + DOM) depuis 2000";"Femmes";"Sans objet"
"001665103";"07/11/2017 04:49";"Non corrigé";"Équivalent temps plein";"0";"Salaire net annuel moyen";"oui";"Valeur absolue";"Cadres et professions intellectuelles supérieures";"Sans objet";"Annuelle";"euros";"France métropolitaine jusqu'en 1999, France (métropole + DOM) depuis 2000";"Ensemble";"Sans objet"
"001665104";"07/11/2017 04:49";"Non corrigé";"Équivalent temps plein";"0";"Salaire net annuel moyen";"oui";"Valeur absolue";"Professions intermédiaires";"Sans objet";"Annuelle";"euros";"France métropolitaine jusqu'en 1999, France (métropole + DOM) depuis 2000";"Hommes";"Sans objet"
"001665105";"07/11/2017 04:49";"Non corrigé";"Équivalent temps plein";"0";"Salaire net annuel moyen";"oui";"Valeur absolue";"Professions intermédiaires";"Sans objet";"Annuelle";"euros";"France métropolitaine jusqu'en 1999, France (métropole + DOM) depuis 2000";"Femmes";"Sans objet"
"001665106";"07/11/2017 04:49";"Non corrigé";"Équivalent temps plein";"0";"Salaire net annuel moyen";"oui";"Valeur absolue";"Professions intermédiaires";"Sans objet";"Annuelle";"euros";"France métropolitaine jusqu'en 1999, France (métropole + DOM) depuis 2000";"Ensemble";"Sans objet"
"001665107";"07/11/2017 04:49";"Non corrigé";"Équivalent temps plein";"0";"Salaire net annuel moyen";"oui";"Valeur absolue";"Employés";"Sans objet";"Annuelle";"euros";"France métropolitaine jusqu'en 1999, France (métropole + DOM) depuis 2000";"Hommes";"Sans objet"
"001665108";"07/11/2017 04:49";"Non corrigé";"Équivalent temps plein";"0";"Salaire net annuel moyen";"oui";"Valeur absolue";"Employés";"Sans objet";"Annuelle";"euros";"France métropolitaine jusqu'en 1999, France (métropole + DOM) depuis 2000";"Femmes";"Sans objet"
"001665109";"07/11/2017 04:49";"Non corrigé";"Équivalent temps plein";"0";"Salaire net annuel moyen";"oui";"Valeur absolue";"Employés";"Sans objet";"Annuelle";"euros";"France métropolitaine jusqu'en 1999, France (métropole + DOM) depuis 2000";"Ensemble";"Sans objet"
"001665110";"07/11/2017 04:49";"Non corrigé";"Équivalent temps plein";"0";"Salaire net annuel moyen";"oui";"Valeur absolue";"Ouvriers";"Sans objet";"Annuelle";"euros";"France métropolitaine jusqu'en 1999, France (métropole + DOM) depuis 2000";"Hommes";"Sans objet"
"001665111";"07/11/2017 04:49";"Non corrigé";"Équivalent temps plein";"0";"Salaire net annuel moyen";"oui";"Valeur absolue";"Ouvriers";"Sans objet";"Annuelle";"euros";"France métropolitaine jusqu'en 1999, France (métropole + DOM) depuis 2000";"Femmes";"Sans objet"
"001665112";"07/11/2017 04:49";"Non corrigé";"Équivalent temps plein";"0";"Salaire net annuel moyen";"oui";"Valeur absolue";"Ouvriers";"Sans objet";"Annuelle";"euros";"France métropolitaine jusqu'en 1999, France (métropole + DOM) depuis 2000";"Ensemble";"Sans objet"
"001665113";"07/11/2017 04:49";"Non corrigé";"Équivalent temps plein";"0";"Salaire net annuel moyen";"oui";"Valeur absolue";"Apprentis et stagiaires";"Sans objet";"Annuelle";"euros";"France métropolitaine jusqu'en 1999, France (métropole + DOM) depuis 2000";"Hommes";"Sans objet"
"001665114";"07/11/2017 04:49";"Non corrigé";"Équivalent temps plein";"0";"Salaire net annuel moyen";"oui";"Valeur absolue";"Apprentis et stagiaires";"Sans objet";"Annuelle";"euros";"France métropolitaine jusqu'en 1999, France (métropole + DOM) depuis 2000";"Femmes";"Sans objet"
"001665115";"07/11/2017 04:49";"Non corrigé";"Équivalent temps plein";"0";"Salaire net annuel moyen";"oui";"Valeur absolue";"Apprentis et stagiaires";"Sans objet";"Annuelle";"euros";"France métropolitaine jusqu'en 1999, France (métropole + DOM) depuis 2000";"Ensemble";"Sans objet"
"001665116";"07/11/2017 04:49";"Non corrigé";"Équivalent temps plein";"0";"Salaire net annuel moyen";"oui";"Valeur absolue";"Sans objet";"Sans objet";"Annuelle";"euros";"France métropolitaine jusqu'en 1999, France (métropole + DOM) depuis 2000";"Hommes";"Sans objet"
"001665117";"07/11/2017 04:49";"Non corrigé";"Équivalent temps plein";"0";"Salaire net annuel moyen";"oui";"Valeur absolue";"Sans objet";"Sans objet";"Annuelle";"euros";"France métropolitaine jusqu'en 1999, France (métropole + DOM) depuis 2000";"Femmes";"Sans objet"
"001665118";"07/11/2017 04:49";"Non corrigé";"Équivalent temps plein";"0";"Salaire net annuel moyen";"oui";"Valeur absolue";"Sans objet";"Sans objet";"Annuelle";"euros";"France métropolitaine jusqu'en 1999, France (métropole + DOM) depuis 2000";"Ensemble";"Sans objet"
"001665119";"07/11/2017 04:49";"Non corrigé";"Équivalent temps plein";"0";"Premier décile (D1) du salaire net annuel";"oui";"Valeur absolue";"Sans objet";"Sans objet";"Annuelle";"euros";"France métropolitaine jusqu'en 1999, France (métropole + DOM) depuis 2000";"Hommes";"Sans objet"
"001665120";"07/11/2017 04:49";"Non corrigé";"Équivalent temps plein";"0";"Premier décile (D1) du salaire net annuel";"oui";"Valeur absolue";"Sans objet";"Sans objet";"Annuelle";"euros";"France métropolitaine jusqu'en 1999, France (métropole + DOM) depuis 2000";"Femmes";"Sans objet"
"001665121";"07/11/2017 04:49";"Non corrigé";"Équivalent temps plein";"0";"Premier décile (D1) du salaire net annuel";"oui";"Valeur absolue";"Sans objet";"Sans objet";"Annuelle";"euros";"France métropolitaine jusqu'en 1999, France (métropole + DOM) depuis 2000";"Ensemble";"Sans objet"
"001665122";"07/11/2017 04:49";"Non corrigé";"Équivalent temps plein";"0";"Premier quartile (Q1) du salaire net annuel";"oui";"Valeur absolue";"Sans objet";"Sans objet";"Annuelle";"euros";"France métropolitaine jusqu'en 1999, France (métropole + DOM) depuis 2000";"Hommes";"Sans objet"
"001665123";"07/11/2017 04:49";"Non corrigé";"Équivalent temps plein";"0";"Premier quartile (Q1) du salaire net annuel";"oui";"Valeur absolue";"Sans objet";"Sans objet";"Annuelle";"euros";"France métropolitaine jusqu'en 1999, France (métropole + DOM) depuis 2000";"Femmes";"Sans objet"
"001665124";"07/11/2017 04:49";"Non corrigé";"Équivalent temps plein";"0";"Premier quartile (Q1) du salaire net annuel";"oui";"Valeur absolue";"Sans objet";"Sans objet";"Annuelle";"euros";"France métropolitaine jusqu'en 1999, France (métropole + DOM) depuis 2000";"Ensemble";"Sans objet"
"001665125";"07/11/2017 04:49";"Non corrigé";"Équivalent temps plein";"0";"Médiane (D5) du salaire net annuel";"oui";"Valeur absolue";"Sans objet";"Sans objet";"Annuelle";"euros";"France métropolitaine jusqu'en 1999, France (métropole + DOM) depuis 2000";"Hommes";"Sans objet"
"001665126";"07/11/2017 04:49";"Non corrigé";"Équivalent temps plein";"0";"Médiane (D5) du salaire net annuel";"oui";"Valeur absolue";"Sans objet";"Sans objet";"Annuelle";"euros";"France métropolitaine jusqu'en 1999, France (métropole + DOM) depuis 2000";"Femmes";"Sans objet"
"001665127";"07/11/2017 04:49";"Non corrigé";"Équivalent temps plein";"0";"Médiane (D5) du salaire net annuel";"oui";"Valeur absolue";"Sans objet";"Sans objet";"Annuelle";"euros";"France métropolitaine jusqu'en 1999, France (métropole + DOM) depuis 2000";"Ensemble";"Sans objet"
"001665128";"07/11/2017 04:49";"Non corrigé";"Équivalent temps plein";"0";"Troisième quartile (Q3) du salaire net annuel";"oui";"Valeur absolue";"Sans objet";"Sans objet";"Annuelle";"euros";"France métropolitaine jusqu'en 1999, France (métropole + DOM) depuis 2000";"Hommes";"Sans objet"
"001665129";"07/11/2017 04:49";"Non corrigé";"Équivalent temps plein";"0";"Troisième quartile (Q3) du salaire net annuel";"oui";"Valeur absolue";"Sans objet";"Sans objet";"Annuelle";"euros";"France métropolitaine jusqu'en 1999, France (métropole + DOM) depuis 2000";"Femmes";"Sans objet"
"001665130";"07/11/2017 04:49";"Non corrigé";"Équivalent temps plein";"0";"Troisième quartile (Q3) du salaire net annuel";"oui";"Valeur absolue";"Sans objet";"Sans objet";"Annuelle";"euros";"France métropolitaine jusqu'en 1999, France (métropole + DOM) depuis 2000";"Ensemble";"Sans objet"
"001665131";"07/11/2017 04:49";"Non corrigé";"Équivalent temps plein";"0";"Neuvième décile (D9) du salaire net annuel";"oui";"Valeur absolue";"Sans objet";"Sans objet";"Annuelle";"euros";"France métropolitaine jusqu'en 1999, France (métropole + DOM) depuis 2000";"Hommes";"Sans objet"
"001665132";"07/11/2017 04:49";"Non corrigé";"Équivalent temps plein";"0";"Neuvième décile (D9) du salaire net annuel";"oui";"Valeur absolue";"Sans objet";"Sans objet";"Annuelle";"euros";"France métropolitaine jusqu'en 1999, France (métropole + DOM) depuis 2000";"Femmes";"Sans objet"
"001665133";"07/11/2017 04:49";"Non corrigé";"Équivalent temps plein";"0";"Neuvième décile (D9) du salaire net annuel";"oui";"Valeur absolue";"Sans objet";"Sans objet";"Annuelle";"euros";"France métropolitaine jusqu'en 1999, France (métropole + DOM) depuis 2000";"Ensemble";"Sans objet"
"001665134";"07/11/2017 04:49";"Non corrigé";"Équivalent temps plein";"0";"Quatre-vingt-quinzième centile (C95) du salaire net annuel";"oui";"Valeur absolue";"Sans objet";"Sans objet";"Annuelle";"euros";"France métropolitaine jusqu'en 1999, France (métropole + DOM) depuis 2000";"Hommes";"Sans objet"
"001665135";"07/11/2017 04:49";"Non corrigé";"Équivalent temps plein";"0";"Quatre-vingt-quinzième centile (C95) du salaire net annuel";"oui";"Valeur absolue";"Sans objet";"Sans objet";"Annuelle";"euros";"France métropolitaine jusqu'en 1999, France (métropole + DOM) depuis 2000";"Femmes";"Sans objet"
"001665136";"07/11/2017 04:49";"Non corrigé";"Équivalent temps plein";"0";"Quatre-vingt-quinzième centile (C95) du salaire net annuel";"oui";"Valeur absolue";"Sans objet";"Sans objet";"Annuelle";"euros";"France métropolitaine jusqu'en 1999, France (métropole + DOM) depuis 2000";"Ensemble";"Sans objet"
"001665137";"07/11/2017 04:49";"Non corrigé";"Équivalent temps plein";"0";"Quatre-vingt-dix-neuvième centile (C99) du salaire net annuel";"oui";"Valeur absolue";"Sans objet";"Sans objet";"Annuelle";"euros";"France métropolitaine jusqu'en 1999, France (métropole + DOM) depuis 2000";"Hommes";"Sans objet"
"001665138";"07/11/2017 04:49";"Non corrigé";"Équivalent temps plein";"0";"Quatre-vingt-dix-neuvième centile (C99) du salaire net annuel";"oui";"Valeur absolue";"Sans objet";"Sans objet";"Annuelle";"euros";"France métropolitaine jusqu'en 1999, France (métropole + DOM) depuis 2000";"Femmes";"Sans objet"
"001665139";"07/11/2017 04:49";"Non corrigé";"Équivalent temps plein";"0";"Quatre-vingt-dix-neuvième centile (C99) du salaire net annuel";"oui";"Valeur absolue";"Sans objet";"Sans objet";"Annuelle";"euros";"France métropolitaine jusqu'en 1999, France (métropole + DOM) depuis 2000";"Ensemble";"Sans objet"
"001665140";"07/11/2017 04:49";"Non corrigé";"Équivalent temps plein";"0";"Rapport interdécile D5/D1 du salaire net annuel";"oui";"Ratio";"Sans objet";"Sans objet";"Annuelle";"sans objet";"France métropolitaine jusqu'en 1999, France (métropole + DOM) depuis 2000";"Femmes";"Sans objet"
"001665141";"07/11/2017 04:49";"Non corrigé";"Équivalent temps plein";"0";"Rapport interdécile D9/D1 du salaire net annuel";"oui";"Ratio";"Sans objet";"Sans objet";"Annuelle";"sans objet";"France métropolitaine jusqu'en 1999, France (métropole + DOM) depuis 2000";"Hommes";"Sans objet"
"001665142";"07/11/2017 04:49";"Non corrigé";"Équivalent temps plein";"0";"Rapport interdécile D9/D1 du salaire net annuel";"oui";"Ratio";"Sans objet";"Sans objet";"Annuelle";"sans objet";"France métropolitaine jusqu'en 1999, France (métropole + DOM) depuis 2000";"Femmes";"Sans objet"
"001665143";"07/11/2017 04:49";"Non corrigé";"Équivalent temps plein";"0";"Rapport interdécile D9/D1 du salaire net annuel";"oui";"Ratio";"Sans objet";"Sans objet";"Annuelle";"sans objet";"France métropolitaine jusqu'en 1999, France (métropole + DOM) depuis 2000";"Ensemble";"Sans objet"
"001665144";"07/11/2017 04:49";"Non corrigé";"Équivalent temps plein";"0";"Rapport interdécile D9/D5 du salaire net annuel";"oui";"Ratio";"Sans objet";"Sans objet";"Annuelle";"sans objet";"France métropolitaine jusqu'en 1999, France (métropole + DOM) depuis 2000";"Hommes";"Sans objet"
"001665145";"07/11/2017 04:49";"Non corrigé";"Équivalent temps plein";"0";"Rapport interdécile D9/D5 du salaire net annuel";"oui";"Ratio";"Sans objet";"Sans objet";"Annuelle";"sans objet";"France métropolitaine jusqu'en 1999, France (métropole + DOM) depuis 2000";"Femmes";"Sans objet"
"001665146";"07/11/2017 04:49";"Non corrigé";"Équivalent temps plein";"0";"Rapport interdécile D9/D5 du salaire net annuel";"oui";"Ratio";"Sans objet";"Sans objet";"Annuelle";"sans objet";"France métropolitaine jusqu'en 1999, France (métropole + DOM) depuis 2000";"Ensemble";"Sans objet"
"001665147";"07/11/2017 04:49";"Non corrigé";"Équivalent temps plein";"0";"Rapport interdécile D5/D1 du salaire net annuel";"oui";"Ratio";"Sans objet";"Sans objet";"Annuelle";"sans objet";"France métropolitaine jusqu'en 1999, France (métropole + DOM) depuis 2000";"Hommes";"Sans objet"
"001665148";"07/11/2017 04:49";"Non corrigé";"Équivalent temps plein";"0";"Rapport interdécile D5/D1 du salaire net annuel";"oui";"Ratio";"Sans objet";"Sans objet";"Annuelle";"sans objet";"France métropolitaine jusqu'en 1999, France (métropole + DOM) depuis 2000";"Ensemble";"Sans objet"
"001665149";"07/11/2017 04:49";"Non corrigé";"Temps complet";"0";"Salaire net annuel moyen";"oui";"Valeur absolue";"Sans objet";"Sans objet";"Annuelle";"euros";"France métropolitaine jusqu'en 1999, France (métropole + DOM) depuis 2000";"Hommes";"Sans objet"
"001665150";"07/11/2017 04:49";"Non corrigé";"Temps complet";"0";"Salaire net annuel moyen";"oui";"Valeur absolue";"Sans objet";"Sans objet";"Annuelle";"euros";"France métropolitaine jusqu'en 1999, France (métropole + DOM) depuis 2000";"Femmes";"Sans objet"
"001665151";"07/11/2017 04:49";"Non corrigé";"Temps complet";"0";"Salaire net annuel moyen";"oui";"Valeur absolue";"Sans objet";"Sans objet";"Annuelle";"euros";"France métropolitaine jusqu'en 1999, France (métropole + DOM) depuis 2000";"Ensemble";"Sans objet"
"001665152";"07/11/2017 04:49";"Non corrigé";"Temps complet";"0";"Évolution du salaire net annuel moyen";"oui";"Taux";"Sans objet";"Sans objet";"Annuelle";"%";"France métropolitaine jusqu'en 1999, France (métropole + DOM) depuis 2000";"Hommes";"Sans objet"
"001665153";"07/11/2017 04:49";"Non corrigé";"Temps complet";"0";"Évolution du salaire net annuel moyen";"oui";"Taux";"Sans objet";"Sans objet";"Annuelle";"%";"France métropolitaine jusqu'en 1999, France (métropole + DOM) depuis 2000";"Femmes";"Sans objet"
"001665154";"07/11/2017 04:49";"Non corrigé";"Temps complet";"0";"Évolution du salaire net annuel moyen";"oui";"Taux";"Sans objet";"Sans objet";"Annuelle";"%";"France métropolitaine jusqu'en 1999, France (métropole + DOM) depuis 2000";"Ensemble";"Sans objet"
"001665155";"07/11/2017 04:49";"Non corrigé";"Temps complet";"0";"Évolution du pouvoir d'achat du salaire net annuel moyen";"oui";"Taux";"Sans objet";"Sans objet";"Annuelle";"%";"France métropolitaine jusqu'en 1999, France (métropole + DOM) depuis 2000";"Hommes";"Sans objet"
"001665156";"07/11/2017 04:49";"Non corrigé";"Temps complet";"0";"Évolution du pouvoir d'achat du salaire net annuel moyen";"oui";"Taux";"Sans objet";"Sans objet";"Annuelle";"%";"France métropolitaine jusqu'en 1999, France (métropole + DOM) depuis 2000";"Femmes";"Sans objet"
"001665157";"07/11/2017 04:49";"Non corrigé";"Temps complet";"0";"Évolution du pouvoir d'achat du salaire net annuel moyen";"oui";"Taux";"Sans objet";"Sans objet";"Annuelle";"%";"France métropolitaine jusqu'en 1999, France (métropole + DOM) depuis 2000";"Ensemble";"Sans objet"
"001665159";"07/11/2017 04:49";"Non corrigé";"Temps complet";"0";"Indice du pouvoir d'achat du salaire net annuel moyen";"oui";"Indice";"Sans objet";"1951";"Annuelle";"sans objet";"France métropolitaine jusqu'en 1999, France (métropole + DOM) depuis 2000";"Hommes";"Sans objet"
"001665160";"07/11/2017 04:49";"Non corrigé";"Temps complet";"0";"Indice du pouvoir d'achat du salaire net annuel moyen";"oui";"Indice";"Sans objet";"1951";"Annuelle";"sans objet";"France métropolitaine jusqu'en 1999, France (métropole + DOM) depuis 2000";"Femmes";"Sans objet"
"001665161";"07/11/2017 04:49";"Non corrigé";"Temps complet";"0";"Indice du pouvoir d'achat du salaire net annuel moyen";"oui";"Indice";"Sans objet";"1951";"Annuelle";"sans objet";"France métropolitaine jusqu'en 1999, France (métropole + DOM) depuis 2000";"Ensemble";"Sans objet"
"001665162";"07/11/2017 04:49";"Non corrigé";"Temps complet";"0";"Salaire net annuel moyen";"oui";"Valeur absolue";"Chefs d'entreprise";"Sans objet";"Annuelle";"euros";"France métropolitaine jusqu'en 1999, France (métropole + DOM) depuis 2000";"Hommes";"Sans objet"
"001665163";"07/11/2017 04:49";"Non corrigé";"Temps complet";"0";"Salaire net annuel moyen";"oui";"Valeur absolue";"Chefs d'entreprise";"Sans objet";"Annuelle";"euros";"France métropolitaine jusqu'en 1999, France (métropole + DOM) depuis 2000";"Femmes";"Sans objet"
"001665164";"07/11/2017 04:49";"Non corrigé";"Temps complet";"0";"Salaire net annuel moyen";"oui";"Valeur absolue";"Chefs d'entreprise";"Sans objet";"Annuelle";"euros";"France métropolitaine jusqu'en 1999, France (métropole + DOM) depuis 2000";"Ensemble";"Sans objet"
"001665165";"07/11/2017 04:49";"Non corrigé";"Temps complet";"0";"Salaire net annuel moyen";"oui";"Valeur absolue";"Cadres et professions intellectuelles supérieures";"Sans objet";"Annuelle";"euros";"France métropolitaine jusqu'en 1999, France (métropole + DOM) depuis 2000";"Hommes";"Sans objet"
"001665166";"07/11/2017 04:49";"Non corrigé";"Temps complet";"0";"Salaire net annuel moyen";"oui";"Valeur absolue";"Cadres et professions intellectuelles supérieures";"Sans objet";"Annuelle";"euros";"France métropolitaine jusqu'en 1999, France (métropole + DOM) depuis 2000";"Femmes";"Sans objet"
"001665167";"07/11/2017 04:49";"Non corrigé";"Temps complet";"0";"Salaire net annuel moyen";"oui";"Valeur absolue";"Cadres et professions intellectuelles supérieures";"Sans objet";"Annuelle";"euros";"France métropolitaine jusqu'en 1999, France (métropole + DOM) depuis 2000";"Ensemble";"Sans objet"
"001665168";"07/11/2017 04:49";"Non corrigé";"Temps complet";"0";"Salaire net annuel moyen";"oui";"Valeur absolue";"Professions intermédiaires";"Sans objet";"Annuelle";"euros";"France métropolitaine jusqu'en 1999, France (métropole + DOM) depuis 2000";"Hommes";"Sans objet"
"001665169";"07/11/2017 04:49";"Non corrigé";"Temps complet";"0";"Salaire net annuel moyen";"oui";"Valeur absolue";"Professions intermédiaires";"Sans objet";"Annuelle";"euros";"France métropolitaine jusqu'en 1999, France (métropole + DOM) depuis 2000";"Femmes";"Sans objet"
"001665170";"07/11/2017 04:49";"Non corrigé";"Temps complet";"0";"Salaire net annuel moyen";"oui";"Valeur absolue";"Professions intermédiaires";"Sans objet";"Annuelle";"euros";"France métropolitaine jusqu'en 1999, France (métropole + DOM) depuis 2000";"Ensemble";"Sans objet"
"001665171";"07/11/2017 04:49";"Non corrigé";"Temps complet";"0";"Salaire net annuel moyen";"oui";"Valeur absolue";"Employés";"Sans objet";"Annuelle";"euros";"France métropolitaine jusqu'en 1999, France (métropole + DOM) depuis 2000";"Hommes";"Sans objet"
"001665172";"07/11/2017 04:49";"Non corrigé";"Temps complet";"0";"Salaire net annuel moyen";"oui";"Valeur absolue";"Employés";"Sans objet";"Annuelle";"euros";"France métropolitaine jusqu'en 1999, France (métropole + DOM) depuis 2000";"Femmes";"Sans objet"
"001665173";"07/11/2017 04:49";"Non corrigé";"Temps complet";"0";"Salaire net annuel moyen";"oui";"Valeur absolue";"Employés";"Sans objet";"Annuelle";"euros";"France métropolitaine jusqu'en 1999, France (métropole + DOM) depuis 2000";"Ensemble";"Sans objet"
"001665174";"07/11/2017 04:49";"Non corrigé";"Temps complet";"0";"Salaire net annuel moyen";"oui";"Valeur absolue";"Ouvriers";"Sans objet";"Annuelle";"euros";"France métropolitaine jusqu'en 1999, France (métropole + DOM) depuis 2000";"Hommes";"Sans objet"
"001665175";"07/11/2017 04:49";"Non corrigé";"Temps complet";"0";"Salaire net annuel moyen";"oui";"Valeur absolue";"Ouvriers";"Sans objet";"Annuelle";"euros";"France métropolitaine jusqu'en 1999, France (métropole + DOM) depuis 2000";"Femmes";"Sans objet"
"001665176";"07/11/2017 04:49";"Non corrigé";"Temps complet";"0";"Salaire net annuel moyen";"oui";"Valeur absolue";"Ouvriers";"Sans objet";"Annuelle";"euros";"France métropolitaine jusqu'en 1999, France (métropole + DOM) depuis 2000";"Ensemble";"Sans objet"
"001665177";"07/11/2017 04:49";"Non corrigé";"Temps complet";"0";"Salaire net annuel moyen";"oui";"Valeur absolue";"Apprentis et stagiaires";"Sans objet";"Annuelle";"euros";"France métropolitaine jusqu'en 1999, France (métropole + DOM) depuis 2000";"Hommes";"Sans objet"
"001665178";"07/11/2017 04:49";"Non corrigé";"Temps complet";"0";"Salaire net annuel moyen";"oui";"Valeur absolue";"Apprentis et stagiaires";"Sans objet";"Annuelle";"euros";"France métropolitaine jusqu'en 1999, France (métropole + DOM) depuis 2000";"Femmes";"Sans objet"
"001665179";"07/11/2017 04:49";"Non corrigé";"Temps complet";"0";"Salaire net annuel moyen";"oui";"Valeur absolue";"Apprentis et stagiaires";"Sans objet";"Annuelle";"euros";"France métropolitaine jusqu'en 1999, France (métropole + DOM) depuis 2000";"Ensemble";"Sans objet"
"001665198";"07/11/2017 04:49";"Non corrigé";"Temps complet";"0";"Premier décile (D1) du salaire net annuel";"oui";"Valeur absolue";"Sans objet";"Sans objet";"Annuelle";"euros";"France métropolitaine jusqu'en 1999, France (métropole + DOM) depuis 2000";"Hommes";"Sans objet"
"001665199";"07/11/2017 04:49";"Non corrigé";"Temps complet";"0";"Premier décile (D1) du salaire net annuel";"oui";"Valeur absolue";"Sans objet";"Sans objet";"Annuelle";"euros";"France métropolitaine jusqu'en 1999, France (métropole + DOM) depuis 2000";"Femmes";"Sans objet"
"001665200";"07/11/2017 04:49";"Non corrigé";"Temps complet";"0";"Premier décile (D1) du salaire net annuel";"oui";"Valeur absolue";"Sans objet";"Sans objet";"Annuelle";"euros";"France métropolitaine jusqu'en 1999, France (métropole + DOM) depuis 2000";"Ensemble";"Sans objet"
"001665201";"07/11/2017 04:49";"Non corrigé";"Temps complet";"0";"Premier quartile (Q1) du salaire net annuel";"oui";"Valeur absolue";"Sans objet";"Sans objet";"Annuelle";"euros";"France métropolitaine jusqu'en 1999, France (métropole + DOM) depuis 2000";"Hommes";"Sans objet"
"001665202";"07/11/2017 04:49";"Non corrigé";"Temps complet";"0";"Premier quartile (Q1) du salaire net annuel";"oui";"Valeur absolue";"Sans objet";"Sans objet";"Annuelle";"euros";"France métropolitaine jusqu'en 1999, France (métropole + DOM) depuis 2000";"Femmes";"Sans objet"
"001665203";"07/11/2017 04:49";"Non corrigé";"Temps complet";"0";"Premier quartile (Q1) du salaire net annuel";"oui";"Valeur absolue";"Sans objet";"Sans objet";"Annuelle";"euros";"France métropolitaine jusqu'en 1999, France (métropole + DOM) depuis 2000";"Ensemble";"Sans objet"
"001665204";"07/11/2017 04:49";"Non corrigé";"Temps complet";"0";"Médiane (D5) du salaire net annuel";"oui";"Valeur absolue";"Sans objet";"Sans objet";"Annuelle";"euros";"France métropolitaine jusqu'en 1999, France (métropole + DOM) depuis 2000";"Hommes";"Sans objet"
"001665205";"07/11/2017 04:49";"Non corrigé";"Temps complet";"0";"Médiane (D5) du salaire net annuel";"oui";"Valeur absolue";"Sans objet";"Sans objet";"Annuelle";"euros";"France métropolitaine jusqu'en 1999, France (métropole + DOM) depuis 2000";"Femmes";"Sans objet"
"001665206";"07/11/2017 04:49";"Non corrigé";"Temps complet";"0";"Médiane (D5) du salaire net annuel";"oui";"Valeur absolue";"Sans objet";"Sans objet";"Annuelle";"euros";"France métropolitaine jusqu'en 1999, France (métropole + DOM) depuis 2000";"Ensemble";"Sans objet"
"001665207";"07/11/2017 04:49";"Non corrigé";"Temps complet";"0";"Troisième quartile (Q3) du salaire net annuel";"oui";"Valeur absolue";"Sans objet";"Sans objet";"Annuelle";"euros";"France métropolitaine jusqu'en 1999, France (métropole + DOM) depuis 2000";"Hommes";"Sans objet"
"001665208";"07/11/2017 04:49";"Non corrigé";"Temps complet";"0";"Troisième quartile (Q3) du salaire net annuel";"oui";"Valeur absolue";"Sans objet";"Sans objet";"Annuelle";"euros";"France métropolitaine jusqu'en 1999, France (métropole + DOM) depuis 2000";"Femmes";"Sans objet"
"001665209";"07/11/2017 04:49";"Non corrigé";"Temps complet";"0";"Troisième quartile (Q3) du salaire net annuel";"oui";"Valeur absolue";"Sans objet";"Sans objet";"Annuelle";"euros";"France métropolitaine jusqu'en 1999, France (métropole + DOM) depuis 2000";"Ensemble";"Sans objet"
"001665210";"07/11/2017 04:49";"Non corrigé";"Temps complet";"0";"Neuvième décile (D9) du salaire net annuel";"oui";"Valeur absolue";"Sans objet";"Sans objet";"Annuelle";"euros";"France métropolitaine jusqu'en 1999, France (métropole + DOM) depuis 2000";"Hommes";"Sans objet"
"001665211";"07/11/2017 04:49";"Non corrigé";"Temps complet";"0";"Neuvième décile (D9) du salaire net annuel";"oui";"Valeur absolue";"Sans objet";"Sans objet";"Annuelle";"euros";"France métropolitaine jusqu'en 1999, France (métropole + DOM) depuis 2000";"Femmes";"Sans objet"
"001665212";"07/11/2017 04:49";"Non corrigé";"Temps complet";"0";"Neuvième décile (D9) du salaire net annuel";"oui";"Valeur absolue";"Sans objet";"Sans objet";"Annuelle";"euros";"France métropolitaine jusqu'en 1999, France (métropole + DOM) depuis 2000";"Ensemble";"Sans objet"
"001665213";"07/11/2017 04:49";"Non corrigé";"Temps complet";"0";"Quatre-vingt-quinzième centile (C95) du salaire net annuel";"oui";"Valeur absolue";"Sans objet";"Sans objet";"Annuelle";"euros";"France métropolitaine jusqu'en 1999, France (métropole + DOM) depuis 2000";"Hommes";"Sans objet"
"001665214";"07/11/2017 04:49";"Non corrigé";"Temps complet";"0";"Quatre-vingt-quinzième centile (C95) du salaire net annuel";"oui";"Valeur absolue";"Sans objet";"Sans objet";"Annuelle";"euros";"France métropolitaine jusqu'en 1999, France (métropole + DOM) depuis 2000";"Femmes";"Sans objet"
"001665215";"07/11/2017 04:49";"Non corrigé";"Temps complet";"0";"Quatre-vingt-quinzième centile (C95) du salaire net annuel";"oui";"Valeur absolue";"Sans objet";"Sans objet";"Annuelle";"euros";"France métropolitaine jusqu'en 1999, France (métropole + DOM) depuis 2000";"Ensemble";"Sans objet"
"001665216";"07/11/2017 04:49";"Non corrigé";"Temps complet";"0";"Quatre-vingt-dix-neuvième centile (C99) du salaire net annuel";"oui";"Valeur absolue";"Sans objet";"Sans objet";"Annuelle";"euros";"France métropolitaine jusqu'en 1999, France (métropole + DOM) depuis 2000";"Hommes";"Sans objet"
"001665217";"07/11/2017 04:49";"Non corrigé";"Temps complet";"0";"Quatre-vingt-dix-neuvième centile (C99) du salaire net annuel";"oui";"Valeur absolue";"Sans objet";"Sans objet";"Annuelle";"euros";"France métropolitaine jusqu'en 1999, France (métropole + DOM) depuis 2000";"Femmes";"Sans objet"
"001665218";"07/11/2017 04:49";"Non corrigé";"Temps complet";"0";"Quatre-vingt-dix-neuvième centile (C99) du salaire net annuel";"oui";"Valeur absolue";"Sans objet";"Sans objet";"Annuelle";"euros";"France métropolitaine jusqu'en 1999, France (métropole + DOM) depuis 2000";"Ensemble";"Sans objet"
"001665219";"07/11/2017 04:49";"Non corrigé";"Temps complet";"0";"Rapport interdécile D9/D1 du salaire net annuel";"oui";"Ratio";"Sans objet";"Sans objet";"Annuelle";"sans objet";"France métropolitaine jusqu'en 1999, France (métropole + DOM) depuis 2000";"Hommes";"Sans objet"
"001665220";"07/11/2017 04:49";"Non corrigé";"Temps complet";"0";"Rapport interdécile D9/D1 du salaire net annuel";"oui";"Ratio";"Sans objet";"Sans objet";"Annuelle";"sans objet";"France métropolitaine jusqu'en 1999, France (métropole + DOM) depuis 2000";"Femmes";"Sans objet"
"001665221";"07/11/2017 04:49";"Non corrigé";"Temps complet";"0";"Rapport interdécile D9/D1 du salaire net annuel";"oui";"Ratio";"Sans objet";"Sans objet";"Annuelle";"sans objet";"France métropolitaine jusqu'en 1999, France (métropole + DOM) depuis 2000";"Ensemble";"Sans objet"
"001665222";"07/11/2017 04:49";"Non corrigé";"Temps complet";"0";"Rapport interdécile D9/D5 du salaire net annuel";"oui";"Ratio";"Sans objet";"Sans objet";"Annuelle";"sans objet";"France métropolitaine jusqu'en 1999, France (métropole + DOM) depuis 2000";"Hommes";"Sans objet"
"001665223";"07/11/2017 04:49";"Non corrigé";"Temps complet";"0";"Rapport interdécile D9/D5 du salaire net annuel";"oui";"Ratio";"Sans objet";"Sans objet";"Annuelle";"sans objet";"France métropolitaine jusqu'en 1999, France (métropole + DOM) depuis 2000";"Femmes";"Sans objet"
"001665224";"07/11/2017 04:49";"Non corrigé";"Temps complet";"0";"Rapport interdécile D9/D5 du salaire net annuel";"oui";"Ratio";"Sans objet";"Sans objet";"Annuelle";"sans objet";"France métropolitaine jusqu'en 1999, France (métropole + DOM) depuis 2000";"Ensemble";"Sans objet"
"001665225";"07/11/2017 04:49";"Non corrigé";"Temps complet";"0";"Rapport interdécile D5/D1 du salaire net annuel";"oui";"Ratio";"Sans objet";"Sans objet";"Annuelle";"sans objet";"France métropolitaine jusqu'en 1999, France (métropole + DOM) depuis 2000";"Hommes";"Sans objet"
"001665226";"07/11/2017 04:49";"Non corrigé";"Temps complet";"0";"Rapport interdécile D5/D1 du salaire net annuel";"oui";"Ratio";"Sans objet";"Sans objet";"Annuelle";"sans objet";"France métropolitaine jusqu'en 1999, France (métropole + DOM) depuis 2000";"Femmes";"Sans objet"
"001665227";"07/11/2017 04:49";"Non corrigé";"Temps complet";"0";"Rapport interdécile D5/D1 du salaire net annuel";"oui";"Ratio";"Sans objet";"Sans objet";"Annuelle";"sans objet";"France métropolitaine jusqu'en 1999, France (métropole + DOM) depuis 2000";"Ensemble";"Sans objet"
"001665254";"07/11/2017 04:49";"Non corrigé";"Temps complet";"0";"Indice du salaire net mensuel moyen d'un temps complet";"oui";"Indice";"Sans objet";"2000";"Annuelle";"sans objet";"France";"Ensemble";"Euros constants"
"001665241";"06/01/2022 10:20";"Non corrigé";"Sans objet";"0";"Indice du salaire horaire brut de base des ouvriers (SHBO)";"non";"Indice";"Sans objet";"2000";"Annuelle";"sans objet";"France métropolitaine";"Ensemble";"Euros courants"
"001665242";"06/01/2022 10:20";"Non corrigé";"Sans objet";"0";"Indice du SMIC brut horaire";"non";"Indice";"Sans objet";"2000";"Annuelle";"sans objet";"France";"Ensemble";"Euros courants"
"001665243";"06/01/2022 10:20";"Non corrigé";"Sans objet";"0";"Indice du SMIC brut mensuel";"non";"Indice";"Sans objet";"2000";"Annuelle";"sans objet";"France";"Ensemble";"Euros courants"
"001665244";"06/01/2022 10:20";"Non corrigé";"Sans objet";"0";"Indice du plafond de la Sécurité sociale (sur les salaires bruts)";"non";"Indice";"Sans objet";"2000";"Annuelle";"sans objet";"France";"Ensemble";"Euros courants"
"001665245";"06/01/2022 10:20";"Non corrigé";"Sans objet";"0";"Indice du SMIC net mensuel";"non";"Indice";"Sans objet";"2000";"Annuelle";"sans objet";"France";"Ensemble";"Euros courants"
"001665246";"06/01/2022 10:20";"Non corrigé";"Temps complet";"0";"Indice du salaire net mensuel moyen d'un temps complet";"non";"Indice";"Sans objet";"2000";"Annuelle";"sans objet";"France";"Ensemble";"Euros courants"
"001665247";"06/01/2022 10:20";"Non corrigé";"Sans objet";"0";"Indice du plafond de la Sécurité sociale (sur les salaires nets)";"non";"Indice";"Sans objet";"2000";"Annuelle";"sans objet";"France";"Ensemble";"Euros courants"
"001665249";"06/01/2022 10:20";"Non corrigé";"Sans objet";"0";"Indice du salaire horaire brut de base des ouvriers (SHBO)";"non";"Indice";"Sans objet";"2000";"Annuelle";"sans objet";"France métropolitaine";"Ensemble";"Euros constants"
"001665250";"06/01/2022 10:20";"Non corrigé";"Sans objet";"0";"Indice du SMIC brut horaire";"non";"Indice";"Sans objet";"2000";"Annuelle";"sans objet";"France";"Ensemble";"Euros constants"
"001665251";"06/01/2022 10:20";"Non corrigé";"Sans objet";"0";"Indice du SMIC brut mensuel";"non";"Indice";"Sans objet";"2000";"Annuelle";"sans objet";"France";"Ensemble";"Euros constants"
"001665252";"06/01/2022 10:20";"Non corrigé";"Sans objet";"0";"Indice du plafond de la Sécurité sociale (sur les salaires bruts)";"non";"Indice";"Sans objet";"2000";"Annuelle";"sans objet";"France";"Ensemble";"Euros constants"
"001665253";"06/01/2022 10:20";"Non corrigé";"Sans objet";"0";"Indice du SMIC net mensuel";"non";"Indice";"Sans objet";"2000";"Annuelle";"sans objet";"France";"Ensemble";"Euros constants"
"001665255";"06/01/2022 10:20";"Non corrigé";"Sans objet";"0";"Indice du plafond de la Sécurité sociale (sur les salaires nets)";"non";"Indice";"Sans objet";"2000";"Annuelle";"sans objet";"France";"Ensemble";"Euros constants"
"010752319";"06/01/2022 10:20";"Non corrigé";"Équivalent temps plein dans le secteur privé";"0";"Salaire net annuel moyen";"non";"Valeur absolue";"Cadres, y compris les chefs d'entreprise salariés";"Sans objet";"Annuelle";"euros";"France métropolitaine jusqu'en 1999, France (métropole + DOM) depuis 2000";"Hommes";"Sans objet"
"010752320";"06/01/2022 10:20";"Non corrigé";"Équivalent temps plein dans le secteur privé";"0";"Salaire net annuel moyen";"non";"Valeur absolue";"Cadres, y compris les chefs d'entreprise salariés";"Sans objet";"Annuelle";"euros";"France métropolitaine jusqu'en 1999, France (métropole + DOM) depuis 2000";"Femmes";"Sans objet"
"010752321";"06/01/2022 10:20";"Non corrigé";"Équivalent temps plein dans le secteur privé";"0";"Salaire net annuel moyen";"non";"Valeur absolue";"Cadres, y compris les chefs d'entreprise salariés";"Sans objet";"Annuelle";"euros";"France métropolitaine jusqu'en 1999, France (métropole + DOM) depuis 2000";"Ensemble";"Sans objet"
"010752322";"06/01/2022 10:20";"Non corrigé";"Équivalent temps plein dans le secteur privé";"0";"Salaire net annuel moyen";"non";"Valeur absolue";"Professions intermédiaires";"Sans objet";"Annuelle";"euros";"France métropolitaine jusqu'en 1999, France (métropole + DOM) depuis 2000";"Hommes";"Sans objet"
"010752323";"06/01/2022 10:20";"Non corrigé";"Équivalent temps plein dans le secteur privé";"0";"Salaire net annuel moyen";"non";"Valeur absolue";"Professions intermédiaires";"Sans objet";"Annuelle";"euros";"France métropolitaine jusqu'en 1999, France (métropole + DOM) depuis 2000";"Femmes";"Sans objet"
"010752324";"06/01/2022 10:20";"Non corrigé";"Équivalent temps plein dans le secteur privé";"0";"Salaire net annuel moyen";"non";"Valeur absolue";"Professions intermédiaires";"Sans objet";"Annuelle";"euros";"France métropolitaine jusqu'en 1999, France (métropole + DOM) depuis 2000";"Ensemble";"Sans objet"
"010752325";"06/01/2022 10:20";"Non corrigé";"Équivalent temps plein dans le secteur privé";"0";"Salaire net annuel moyen";"non";"Valeur absolue";"Employés";"Sans objet";"Annuelle";"euros";"France métropolitaine jusqu'en 1999, France (métropole + DOM) depuis 2000";"Hommes";"Sans objet"
"010752326";"06/01/2022 10:20";"Non corrigé";"Équivalent temps plein dans le secteur privé";"0";"Salaire net annuel moyen";"non";"Valeur absolue";"Employés";"Sans objet";"Annuelle";"euros";"France métropolitaine jusqu'en 1999, France (métropole + DOM) depuis 2000";"Femmes";"Sans objet"
"010752327";"06/01/2022 10:20";"Non corrigé";"Équivalent temps plein dans le secteur privé";"0";"Salaire net annuel moyen";"non";"Valeur absolue";"Employés";"Sans objet";"Annuelle";"euros";"France métropolitaine jusqu'en 1999, France (métropole + DOM) depuis 2000";"Ensemble";"Sans objet"
"010752328";"06/01/2022 10:20";"Non corrigé";"Équivalent temps plein dans le secteur privé";"0";"Salaire net annuel moyen";"non";"Valeur absolue";"Ouvriers";"Sans objet";"Annuelle";"euros";"France métropolitaine jusqu'en 1999, France (métropole + DOM) depuis 2000";"Hommes";"Sans objet"
"010752329";"06/01/2022 10:20";"Non corrigé";"Équivalent temps plein dans le secteur privé";"0";"Salaire net annuel moyen";"non";"Valeur absolue";"Ouvriers";"Sans objet";"Annuelle";"euros";"France métropolitaine jusqu'en 1999, France (métropole + DOM) depuis 2000";"Femmes";"Sans objet"
"010752330";"06/01/2022 10:20";"Non corrigé";"Équivalent temps plein dans le secteur privé";"0";"Salaire net annuel moyen";"non";"Valeur absolue";"Ouvriers";"Sans objet";"Annuelle";"euros";"France métropolitaine jusqu'en 1999, France (métropole + DOM) depuis 2000";"Ensemble";"Sans objet"
"010752331";"06/01/2022 10:20";"Non corrigé";"Équivalent temps plein dans le secteur privé";"0";"Salaire net annuel moyen";"non";"Valeur absolue";"Sans objet";"Sans objet";"Annuelle";"euros";"France métropolitaine jusqu'en 1999, France (métropole + DOM) depuis 2000";"Hommes";"Sans objet"
"010752332";"06/01/2022 10:20";"Non corrigé";"Équivalent temps plein dans le secteur privé";"0";"Salaire net annuel moyen";"non";"Valeur absolue";"Sans objet";"Sans objet";"Annuelle";"euros";"France métropolitaine jusqu'en 1999, France (métropole + DOM) depuis 2000";"Femmes";"Sans objet"
"010752333";"06/01/2022 10:20";"Non corrigé";"Équivalent temps plein dans le secteur privé";"0";"Salaire net annuel moyen";"non";"Valeur absolue";"Sans objet";"Sans objet";"Annuelle";"euros";"France métropolitaine jusqu'en 1999, France (métropole + DOM) depuis 2000";"Ensemble";"Sans objet"
"010752334";"06/01/2022 10:20";"Non corrigé";"Équivalent temps plein dans le secteur privé";"0";"Premier décile (D1) du salaire net annuel";"non";"Valeur absolue";"Sans objet";"Sans objet";"Annuelle";"euros";"France métropolitaine jusqu'en 1999, France (métropole + DOM) depuis 2000";"Hommes";"Sans objet"
"010752335";"06/01/2022 10:20";"Non corrigé";"Équivalent temps plein dans le secteur privé";"0";"Premier décile (D1) du salaire net annuel";"non";"Valeur absolue";"Sans objet";"Sans objet";"Annuelle";"euros";"France métropolitaine jusqu'en 1999, France (métropole + DOM) depuis 2000";"Femmes";"Sans objet"
"010752336";"06/01/2022 10:20";"Non corrigé";"Équivalent temps plein dans le secteur privé";"0";"Premier décile (D1) du salaire net annuel";"non";"Valeur absolue";"Sans objet";"Sans objet";"Annuelle";"euros";"France métropolitaine jusqu'en 1999, France (métropole + DOM) depuis 2000";"Ensemble";"Sans objet"
"010752337";"06/01/2022 10:20";"Non corrigé";"Équivalent temps plein dans le secteur privé";"0";"Premier quartile (Q1) du salaire net annuel";"non";"Valeur absolue";"Sans objet";"Sans objet";"Annuelle";"euros";"France métropolitaine jusqu'en 1999, France (métropole + DOM) depuis 2000";"Hommes";"Sans objet"
"010752338";"06/01/2022 10:20";"Non corrigé";"Équivalent temps plein dans le secteur privé";"0";"Premier quartile (Q1) du salaire net annuel";"non";"Valeur absolue";"Sans objet";"Sans objet";"Annuelle";"euros";"France métropolitaine jusqu'en 1999, France (métropole + DOM) depuis 2000";"Femmes";"Sans objet"
"010752339";"06/01/2022 10:20";"Non corrigé";"Équivalent temps plein dans le secteur privé";"0";"Premier quartile (Q1) du salaire net annuel";"non";"Valeur absolue";"Sans objet";"Sans objet";"Annuelle";"euros";"France métropolitaine jusqu'en 1999, France (métropole + DOM) depuis 2000";"Ensemble";"Sans objet"
"010752340";"06/01/2022 10:20";"Non corrigé";"Équivalent temps plein dans le secteur privé";"0";"Médiane (D5) du salaire net annuel";"non";"Valeur absolue";"Sans objet";"Sans objet";"Annuelle";"euros";"France métropolitaine jusqu'en 1999, France (métropole + DOM) depuis 2000";"Hommes";"Sans objet"
"010752341";"06/01/2022 10:20";"Non corrigé";"Équivalent temps plein dans le secteur privé";"0";"Médiane (D5) du salaire net annuel";"non";"Valeur absolue";"Sans objet";"Sans objet";"Annuelle";"euros";"France métropolitaine jusqu'en 1999, France (métropole + DOM) depuis 2000";"Femmes";"Sans objet"
"010752342";"06/01/2022 10:20";"Non corrigé";"Équivalent temps plein dans le secteur privé";"0";"Médiane (D5) du salaire net annuel";"non";"Valeur absolue";"Sans objet";"Sans objet";"Annuelle";"euros";"France métropolitaine jusqu'en 1999, France (métropole + DOM) depuis 2000";"Ensemble";"Sans objet"
"010752343";"06/01/2022 10:20";"Non corrigé";"Équivalent temps plein dans le secteur privé";"0";"Troisième quartile (Q3) du salaire net annuel";"non";"Valeur absolue";"Sans objet";"Sans objet";"Annuelle";"euros";"France métropolitaine jusqu'en 1999, France (métropole + DOM) depuis 2000";"Hommes";"Sans objet"
"010752344";"06/01/2022 10:20";"Non corrigé";"Équivalent temps plein dans le secteur privé";"0";"Troisième quartile (Q3) du salaire net annuel";"non";"Valeur absolue";"Sans objet";"Sans objet";"Annuelle";"euros";"France métropolitaine jusqu'en 1999, France (métropole + DOM) depuis 2000";"Femmes";"Sans objet"
"010752345";"06/01/2022 10:20";"Non corrigé";"Équivalent temps plein dans le secteur privé";"0";"Troisième quartile (Q3) du salaire net annuel";"non";"Valeur absolue";"Sans objet";"Sans objet";"Annuelle";"euros";"France métropolitaine jusqu'en 1999, France (métropole + DOM) depuis 2000";"Ensemble";"Sans objet"
"010752346";"06/01/2022 10:20";"Non corrigé";"Équivalent temps plein dans le secteur privé";"0";"Neuvième décile (D9) du salaire net annuel";"non";"Valeur absolue";"Sans objet";"Sans objet";"Annuelle";"euros";"France métropolitaine jusqu'en 1999, France (métropole + DOM) depuis 2000";"Hommes";"Sans objet"
"010752347";"06/01/2022 10:20";"Non corrigé";"Équivalent temps plein dans le secteur privé";"0";"Neuvième décile (D9) du salaire net annuel";"non";"Valeur absolue";"Sans objet";"Sans objet";"Annuelle";"euros";"France métropolitaine jusqu'en 1999, France (métropole + DOM) depuis 2000";"Femmes";"Sans objet"
"010752348";"06/01/2022 10:20";"Non corrigé";"Équivalent temps plein dans le secteur privé";"0";"Neuvième décile (D9) du salaire net annuel";"non";"Valeur absolue";"Sans objet";"Sans objet";"Annuelle";"euros";"France métropolitaine jusqu'en 1999, France (métropole + DOM) depuis 2000";"Ensemble";"Sans objet"
"010752349";"06/01/2022 10:20";"Non corrigé";"Équivalent temps plein dans le secteur privé";"0";"Quatre-vingt-quinzième centile (C95) du salaire net annuel";"non";"Valeur absolue";"Sans objet";"Sans objet";"Annuelle";"euros";"France métropolitaine jusqu'en 1999, France (métropole + DOM) depuis 2000";"Hommes";"Sans objet"
"010752350";"06/01/2022 10:20";"Non corrigé";"Équivalent temps plein dans le secteur privé";"0";"Quatre-vingt-quinzième centile (C95) du salaire net annuel";"non";"Valeur absolue";"Sans objet";"Sans objet";"Annuelle";"euros";"France métropolitaine jusqu'en 1999, France (métropole + DOM) depuis 2000";"Femmes";"Sans objet"
"010752351";"06/01/2022 10:20";"Non corrigé";"Équivalent temps plein dans le secteur privé";"0";"Quatre-vingt-quinzième centile (C95) du salaire net annuel";"non";"Valeur absolue";"Sans objet";"Sans objet";"Annuelle";"euros";"France métropolitaine jusqu'en 1999, France (métropole + DOM) depuis 2000";"Ensemble";"Sans objet"
"010752352";"06/01/2022 10:20";"Non corrigé";"Équivalent temps plein dans le secteur privé";"0";"Quatre-vingt-dix-neuvième centile (C99) du salaire net annuel";"non";"Valeur absolue";"Sans objet";"Sans objet";"Annuelle";"euros";"France métropolitaine jusqu'en 1999, France (métropole + DOM) depuis 2000";"Hommes";"Sans objet"
"010752353";"06/01/2022 10:20";"Non corrigé";"Équivalent temps plein dans le secteur privé";"0";"Quatre-vingt-dix-neuvième centile (C99) du salaire net annuel";"non";"Valeur absolue";"Sans objet";"Sans objet";"Annuelle";"euros";"France métropolitaine jusqu'en 1999, France (métropole + DOM) depuis 2000";"Femmes";"Sans objet"
"010752354";"06/01/2022 10:20";"Non corrigé";"Équivalent temps plein dans le secteur privé";"0";"Quatre-vingt-dix-neuvième centile (C99) du salaire net annuel";"non";"Valeur absolue";"Sans objet";"Sans objet";"Annuelle";"euros";"France métropolitaine jusqu'en 1999, France (métropole + DOM) depuis 2000";"Ensemble";"Sans objet"
"010752355";"06/01/2022 10:20";"Non corrigé";"Équivalent temps plein dans le secteur privé";"0";"Rapport interdécile D9/D1 du salaire net annuel";"non";"Ratio";"Sans objet";"Sans objet";"Annuelle";"sans objet";"France métropolitaine jusqu'en 1999, France (métropole + DOM) depuis 2000";"Hommes";"Sans objet"
"010752356";"06/01/2022 10:20";"Non corrigé";"Équivalent temps plein dans le secteur privé";"0";"Rapport interdécile D9/D1 du salaire net annuel";"non";"Ratio";"Sans objet";"Sans objet";"Annuelle";"sans objet";"France métropolitaine jusqu'en 1999, France (métropole + DOM) depuis 2000";"Femmes";"Sans objet"
"010752357";"06/01/2022 10:20";"Non corrigé";"Équivalent temps plein dans le secteur privé";"0";"Rapport interdécile D9/D1 du salaire net annuel";"non";"Ratio";"Sans objet";"Sans objet";"Annuelle";"sans objet";"France métropolitaine jusqu'en 1999, France (métropole + DOM) depuis 2000";"Ensemble";"Sans objet"
"010752358";"06/01/2022 10:20";"Non corrigé";"Équivalent temps plein dans le secteur privé";"0";"Rapport interdécile D9/D5 du salaire net annuel";"non";"Ratio";"Sans objet";"Sans objet";"Annuelle";"sans objet";"France métropolitaine jusqu'en 1999, France (métropole + DOM) depuis 2000";"Hommes";"Sans objet"
"010752359";"06/01/2022 10:20";"Non corrigé";"Équivalent temps plein dans le secteur privé";"0";"Rapport interdécile D9/D5 du salaire net annuel";"non";"Ratio";"Sans objet";"Sans objet";"Annuelle";"sans objet";"France métropolitaine jusqu'en 1999, France (métropole + DOM) depuis 2000";"Femmes";"Sans objet"
"010752360";"06/01/2022 10:20";"Non corrigé";"Équivalent temps plein dans le secteur privé";"0";"Rapport interdécile D9/D5 du salaire net annuel";"non";"Ratio";"Sans objet";"Sans objet";"Annuelle";"sans objet";"France métropolitaine jusqu'en 1999, France (métropole + DOM) depuis 2000";"Ensemble";"Sans objet"
"010752361";"06/01/2022 10:20";"Non corrigé";"Équivalent temps plein dans le secteur privé";"0";"Rapport interdécile D5/D1 du salaire net annuel";"non";"Ratio";"Sans objet";"Sans objet";"Annuelle";"sans objet";"France métropolitaine jusqu'en 1999, France (métropole + DOM) depuis 2000";"Hommes";"Sans objet"
"010752362";"06/01/2022 10:20";"Non corrigé";"Équivalent temps plein dans le secteur privé";"0";"Rapport interdécile D5/D1 du salaire net annuel";"non";"Ratio";"Sans objet";"Sans objet";"Annuelle";"sans objet";"France métropolitaine jusqu'en 1999, France (métropole + DOM) depuis 2000";"Femmes";"Sans objet"
"010752363";"06/01/2022 10:20";"Non corrigé";"Équivalent temps plein dans le secteur privé";"0";"Rapport interdécile D5/D1 du salaire net annuel";"non";"Ratio";"Sans objet";"Sans objet";"Annuelle";"sans objet";"France métropolitaine jusqu'en 1999, France (métropole + DOM) depuis 2000";"Ensemble";"Sans objet"
"010752364";"06/01/2022 10:20";"Non corrigé";"Temps complet dans le secteur privé";"0";"Salaire net annuel moyen";"non";"Valeur absolue";"Sans objet";"Sans objet";"Annuelle";"euros";"France métropolitaine jusqu'en 1999, France (métropole + DOM) depuis 2000";"Hommes";"Sans objet"
"010752365";"06/01/2022 10:20";"Non corrigé";"Temps complet dans le secteur privé";"0";"Salaire net annuel moyen";"non";"Valeur absolue";"Sans objet";"Sans objet";"Annuelle";"euros";"France métropolitaine jusqu'en 1999, France (métropole + DOM) depuis 2000";"Femmes";"Sans objet"
"010752366";"06/01/2022 10:20";"Non corrigé";"Temps complet dans le secteur privé";"0";"Salaire net annuel moyen";"non";"Valeur absolue";"Sans objet";"Sans objet";"Annuelle";"euros";"France métropolitaine jusqu'en 1999, France (métropole + DOM) depuis 2000";"Ensemble";"Sans objet"
"010752367";"06/01/2022 10:20";"Non corrigé";"Temps complet dans le secteur privé";"0";"Évolution du salaire net annuel moyen";"non";"Taux";"Sans objet";"Sans objet";"Annuelle";"%";"France métropolitaine jusqu'en 1999, France (métropole + DOM) depuis 2000";"Hommes";"Sans objet"
"010752368";"06/01/2022 10:20";"Non corrigé";"Temps complet dans le secteur privé";"0";"Évolution du salaire net annuel moyen";"non";"Taux";"Sans objet";"Sans objet";"Annuelle";"%";"France métropolitaine jusqu'en 1999, France (métropole + DOM) depuis 2000";"Femmes";"Sans objet"
"010752369";"06/01/2022 10:20";"Non corrigé";"Temps complet dans le secteur privé";"0";"Évolution du salaire net annuel moyen";"non";"Taux";"Sans objet";"Sans objet";"Annuelle";"%";"France métropolitaine jusqu'en 1999, France (métropole + DOM) depuis 2000";"Ensemble";"Sans objet"
"010752370";"06/01/2022 10:20";"Non corrigé";"Temps complet dans le secteur privé";"0";"Évolution du pouvoir d'achat du salaire net annuel moyen";"non";"Taux";"Sans objet";"Sans objet";"Annuelle";"%";"France métropolitaine jusqu'en 1999, France (métropole + DOM) depuis 2000";"Hommes";"Sans objet"
"010752371";"06/01/2022 10:20";"Non corrigé";"Temps complet dans le secteur privé";"0";"Évolution du pouvoir d'achat du salaire net annuel moyen";"non";"Taux";"Sans objet";"Sans objet";"Annuelle";"%";"France métropolitaine jusqu'en 1999, France (métropole + DOM) depuis 2000";"Femmes";"Sans objet"
"010752372";"06/01/2022 10:20";"Non corrigé";"Temps complet dans le secteur privé";"0";"Évolution du pouvoir d'achat du salaire net annuel moyen";"non";"Taux";"Sans objet";"Sans objet";"Annuelle";"%";"France métropolitaine jusqu'en 1999, France (métropole + DOM) depuis 2000";"Ensemble";"Sans objet"
"010752373";"06/01/2022 10:20";"Non corrigé";"Temps complet dans le secteur privé";"0";"Indice du pouvoir d'achat du salaire net annuel moyen";"non";"Indice";"Sans objet";"1951";"Annuelle";"sans objet";"France métropolitaine jusqu'en 1999, France (métropole + DOM) depuis 2000";"Hommes";"Sans objet"
"010752374";"06/01/2022 10:20";"Non corrigé";"Temps complet dans le secteur privé";"0";"Indice du pouvoir d'achat du salaire net annuel moyen";"non";"Indice";"Sans objet";"1951";"Annuelle";"sans objet";"France métropolitaine jusqu'en 1999, France (métropole + DOM) depuis 2000";"Femmes";"Sans objet"
"010752375";"06/01/2022 10:20";"Non corrigé";"Temps complet dans le secteur privé";"0";"Indice du pouvoir d'achat du salaire net annuel moyen";"non";"Indice";"Sans objet";"1951";"Annuelle";"sans objet";"France métropolitaine jusqu'en 1999, France (métropole + DOM) depuis 2000";"Ensemble";"Sans objet"
"010752376";"06/01/2022 10:20";"Non corrigé";"Temps complet dans le secteur privé";"0";"Salaire net annuel moyen";"non";"Valeur absolue";"Cadres, y compris les chefs d'entreprise salariés";"Sans objet";"Annuelle";"euros";"France métropolitaine jusqu'en 1999, France (métropole + DOM) depuis 2000";"Hommes";"Sans objet"
"010752377";"06/01/2022 10:20";"Non corrigé";"Temps complet dans le secteur privé";"0";"Salaire net annuel moyen";"non";"Valeur absolue";"Cadres, y compris les chefs d'entreprise salariés";"Sans objet";"Annuelle";"euros";"France métropolitaine jusqu'en 1999, France (métropole + DOM) depuis 2000";"Femmes";"Sans objet"
"010752378";"06/01/2022 10:20";"Non corrigé";"Temps complet dans le secteur privé";"0";"Salaire net annuel moyen";"non";"Valeur absolue";"Cadres, y compris les chefs d'entreprise salariés";"Sans objet";"Annuelle";"euros";"France métropolitaine jusqu'en 1999, France (métropole + DOM) depuis 2000";"Ensemble";"Sans objet"
"010752379";"06/01/2022 10:20";"Non corrigé";"Temps complet dans le secteur privé";"0";"Salaire net annuel moyen";"non";"Valeur absolue";"Professions intermédiaires";"Sans objet";"Annuelle";"euros";"France métropolitaine jusqu'en 1999, France (métropole + DOM) depuis 2000";"Hommes";"Sans objet"
"010752380";"06/01/2022 10:20";"Non corrigé";"Temps complet dans le secteur privé";"0";"Salaire net annuel moyen";"non";"Valeur absolue";"Professions intermédiaires";"Sans objet";"Annuelle";"euros";"France métropolitaine jusqu'en 1999, France (métropole + DOM) depuis 2000";"Femmes";"Sans objet"
"010752381";"06/01/2022 10:20";"Non corrigé";"Temps complet dans le secteur privé";"0";"Salaire net annuel moyen";"non";"Valeur absolue";"Professions intermédiaires";"Sans objet";"Annuelle";"euros";"France métropolitaine jusqu'en 1999, France (métropole + DOM) depuis 2000";"Ensemble";"Sans objet"
"010752382";"06/01/2022 10:20";"Non corrigé";"Temps complet dans le secteur privé";"0";"Salaire net annuel moyen";"non";"Valeur absolue";"Employés";"Sans objet";"Annuelle";"euros";"France métropolitaine jusqu'en 1999, France (métropole + DOM) depuis 2000";"Hommes";"Sans objet"
"010752383";"06/01/2022 10:20";"Non corrigé";"Temps complet dans le secteur privé";"0";"Salaire net annuel moyen";"non";"Valeur absolue";"Employés";"Sans objet";"Annuelle";"euros";"France métropolitaine jusqu'en 1999, France (métropole + DOM) depuis 2000";"Femmes";"Sans objet"
"010752384";"06/01/2022 10:20";"Non corrigé";"Temps complet dans le secteur privé";"0";"Salaire net annuel moyen";"non";"Valeur absolue";"Employés";"Sans objet";"Annuelle";"euros";"France métropolitaine jusqu'en 1999, France (métropole + DOM) depuis 2000";"Ensemble";"Sans objet"
"010752385";"06/01/2022 10:20";"Non corrigé";"Temps complet dans le secteur privé";"0";"Salaire net annuel moyen";"non";"Valeur absolue";"Ouvriers";"Sans objet";"Annuelle";"euros";"France métropolitaine jusqu'en 1999, France (métropole + DOM) depuis 2000";"Hommes";"Sans objet"
"010752386";"06/01/2022 10:20";"Non corrigé";"Temps complet dans le secteur privé";"0";"Salaire net annuel moyen";"non";"Valeur absolue";"Ouvriers";"Sans objet";"Annuelle";"euros";"France métropolitaine jusqu'en 1999, France (métropole + DOM) depuis 2000";"Femmes";"Sans objet"
"010752387";"06/01/2022 10:20";"Non corrigé";"Temps complet dans le secteur privé";"0";"Salaire net annuel moyen";"non";"Valeur absolue";"Ouvriers";"Sans objet";"Annuelle";"euros";"France métropolitaine jusqu'en 1999, France (métropole + DOM) depuis 2000";"Ensemble";"Sans objet"
"010752388";"06/01/2022 10:20";"Non corrigé";"Temps complet dans le secteur privé";"0";"Premier décile (D1) du salaire net annuel";"non";"Valeur absolue";"Sans objet";"Sans objet";"Annuelle";"euros";"France métropolitaine jusqu'en 1999, France (métropole + DOM) depuis 2000";"Hommes";"Sans objet"
"010752389";"06/01/2022 10:20";"Non corrigé";"Temps complet dans le secteur privé";"0";"Premier décile (D1) du salaire net annuel";"non";"Valeur absolue";"Sans objet";"Sans objet";"Annuelle";"euros";"France métropolitaine jusqu'en 1999, France (métropole + DOM) depuis 2000";"Femmes";"Sans objet"
"010752390";"06/01/2022 10:20";"Non corrigé";"Temps complet dans le secteur privé";"0";"Premier décile (D1) du salaire net annuel";"non";"Valeur absolue";"Sans objet";"Sans objet";"Annuelle";"euros";"France métropolitaine jusqu'en 1999, France (métropole + DOM) depuis 2000";"Ensemble";"Sans objet"
"010752391";"06/01/2022 10:20";"Non corrigé";"Temps complet dans le secteur privé";"0";"Premier quartile (Q1) du salaire net annuel";"non";"Valeur absolue";"Sans objet";"Sans objet";"Annuelle";"euros";"France métropolitaine jusqu'en 1999, France (métropole + DOM) depuis 2000";"Hommes";"Sans objet"
"010752392";"06/01/2022 10:20";"Non corrigé";"Temps complet dans le secteur privé";"0";"Premier quartile (Q1) du salaire net annuel";"non";"Valeur absolue";"Sans objet";"Sans objet";"Annuelle";"euros";"France métropolitaine jusqu'en 1999, France (métropole + DOM) depuis 2000";"Femmes";"Sans objet"
"010752393";"06/01/2022 10:20";"Non corrigé";"Temps complet dans le secteur privé";"0";"Premier quartile (Q1) du salaire net annuel";"non";"Valeur absolue";"Sans objet";"Sans objet";"Annuelle";"euros";"France métropolitaine jusqu'en 1999, France (métropole + DOM) depuis 2000";"Ensemble";"Sans objet"
"010752394";"06/01/2022 10:20";"Non corrigé";"Temps complet dans le secteur privé";"0";"Médiane (D5) du salaire net annuel";"non";"Valeur absolue";"Sans objet";"Sans objet";"Annuelle";"euros";"France métropolitaine jusqu'en 1999, France (métropole + DOM) depuis 2000";"Hommes";"Sans objet"
"010752395";"06/01/2022 10:20";"Non corrigé";"Temps complet dans le secteur privé";"0";"Médiane (D5) du salaire net annuel";"non";"Valeur absolue";"Sans objet";"Sans objet";"Annuelle";"euros";"France métropolitaine jusqu'en 1999, France (métropole + DOM) depuis 2000";"Femmes";"Sans objet"
"010752396";"06/01/2022 10:20";"Non corrigé";"Temps complet dans le secteur privé";"0";"Médiane (D5) du salaire net annuel";"non";"Valeur absolue";"Sans objet";"Sans objet";"Annuelle";"euros";"France métropolitaine jusqu'en 1999, France (métropole + DOM) depuis 2000";"Ensemble";"Sans objet"
"010752397";"06/01/2022 10:20";"Non corrigé";"Temps complet dans le secteur privé";"0";"Troisième quartile (Q3) du salaire net annuel";"non";"Valeur absolue";"Sans objet";"Sans objet";"Annuelle";"euros";"France métropolitaine jusqu'en 1999, France (métropole + DOM) depuis 2000";"Hommes";"Sans objet"
"010752398";"06/01/2022 10:20";"Non corrigé";"Temps complet dans le secteur privé";"0";"Troisième quartile (Q3) du salaire net annuel";"non";"Valeur absolue";"Sans objet";"Sans objet";"Annuelle";"euros";"France métropolitaine jusqu'en 1999, France (métropole + DOM) depuis 2000";"Femmes";"Sans objet"
"010752399";"06/01/2022 10:20";"Non corrigé";"Temps complet dans le secteur privé";"0";"Troisième quartile (Q3) du salaire net annuel";"non";"Valeur absolue";"Sans objet";"Sans objet";"Annuelle";"euros";"France métropolitaine jusqu'en 1999, France (métropole + DOM) depuis 2000";"Ensemble";"Sans objet"
"010752400";"06/01/2022 10:20";"Non corrigé";"Temps complet dans le secteur privé";"0";"Neuvième décile (D9) du salaire net annuel";"non";"Valeur absolue";"Sans objet";"Sans objet";"Annuelle";"euros";"France métropolitaine jusqu'en 1999, France (métropole + DOM) depuis 2000";"Hommes";"Sans objet"
"010752401";"06/01/2022 10:20";"Non corrigé";"Temps complet dans le secteur privé";"0";"Neuvième décile (D9) du salaire net annuel";"non";"Valeur absolue";"Sans objet";"Sans objet";"Annuelle";"euros";"France métropolitaine jusqu'en 1999, France (métropole + DOM) depuis 2000";"Femmes";"Sans objet"
"010752402";"06/01/2022 10:20";"Non corrigé";"Temps complet dans le secteur privé";"0";"Neuvième décile (D9) du salaire net annuel";"non";"Valeur absolue";"Sans objet";"Sans objet";"Annuelle";"euros";"France métropolitaine jusqu'en 1999, France (métropole + DOM) depuis 2000";"Ensemble";"Sans objet"
"010752403";"06/01/2022 10:20";"Non corrigé";"Temps complet dans le secteur privé";"0";"Quatre-vingt-quinzième centile (C95) du salaire net annuel";"non";"Valeur absolue";"Sans objet";"Sans objet";"Annuelle";"euros";"France métropolitaine jusqu'en 1999, France (métropole + DOM) depuis 2000";"Hommes";"Sans objet"
"010752404";"06/01/2022 10:20";"Non corrigé";"Temps complet dans le secteur privé";"0";"Quatre-vingt-quinzième centile (C95) du salaire net annuel";"non";"Valeur absolue";"Sans objet";"Sans objet";"Annuelle";"euros";"France métropolitaine jusqu'en 1999, France (métropole + DOM) depuis 2000";"Femmes";"Sans objet"
"010752405";"06/01/2022 10:20";"Non corrigé";"Temps complet dans le secteur privé";"0";"Quatre-vingt-quinzième centile (C95) du salaire net annuel";"non";"Valeur absolue";"Sans objet";"Sans objet";"Annuelle";"euros";"France métropolitaine jusqu'en 1999, France (métropole + DOM) depuis 2000";"Ensemble";"Sans objet"
"010752406";"06/01/2022 10:20";"Non corrigé";"Temps complet dans le secteur privé";"0";"Quatre-vingt-dix-neuvième centile (C99) du salaire net annuel";"non";"Valeur absolue";"Sans objet";"Sans objet";"Annuelle";"euros";"France métropolitaine jusqu'en 1999, France (métropole + DOM) depuis 2000";"Hommes";"Sans objet"
"010752407";"06/01/2022 10:20";"Non corrigé";"Temps complet dans le secteur privé";"0";"Quatre-vingt-dix-neuvième centile (C99) du salaire net annuel";"non";"Valeur absolue";"Sans objet";"Sans objet";"Annuelle";"euros";"France métropolitaine jusqu'en 1999, France (métropole + DOM) depuis 2000";"Femmes";"Sans objet"
"010752408";"06/01/2022 10:20";"Non corrigé";"Temps complet dans le secteur privé";"0";"Quatre-vingt-dix-neuvième centile (C99) du salaire net annuel";"non";"Valeur absolue";"Sans objet";"Sans objet";"Annuelle";"euros";"France métropolitaine jusqu'en 1999, France (métropole + DOM) depuis 2000";"Ensemble";"Sans objet"
"010752409";"06/01/2022 10:20";"Non corrigé";"Temps complet dans le secteur privé";"0";"Rapport interdécile D9/D1 du salaire net annuel";"non";"Ratio";"Sans objet";"Sans objet";"Annuelle";"sans objet";"France métropolitaine jusqu'en 1999, France (métropole + DOM) depuis 2000";"Hommes";"Sans objet"
"010752410";"06/01/2022 10:20";"Non corrigé";"Temps complet dans le secteur privé";"0";"Rapport interdécile D9/D1 du salaire net annuel";"non";"Ratio";"Sans objet";"Sans objet";"Annuelle";"sans objet";"France métropolitaine jusqu'en 1999, France (métropole + DOM) depuis 2000";"Femmes";"Sans objet"
"010752411";"06/01/2022 10:20";"Non corrigé";"Temps complet dans le secteur privé";"0";"Rapport interdécile D9/D1 du salaire net annuel";"non";"Ratio";"Sans objet";"Sans objet";"Annuelle";"sans objet";"France métropolitaine jusqu'en 1999, France (métropole + DOM) depuis 2000";"Ensemble";"Sans objet"
"010752412";"06/01/2022 10:20";"Non corrigé";"Temps complet dans le secteur privé";"0";"Rapport interdécile D9/D5 du salaire net annuel";"non";"Ratio";"Sans objet";"Sans objet";"Annuelle";"sans objet";"France métropolitaine jusqu'en 1999, France (métropole + DOM) depuis 2000";"Hommes";"Sans objet"
"010752413";"06/01/2022 10:20";"Non corrigé";"Temps complet dans le secteur privé";"0";"Rapport interdécile D9/D5 du salaire net annuel";"non";"Ratio";"Sans objet";"Sans objet";"Annuelle";"sans objet";"France métropolitaine jusqu'en 1999, France (métropole + DOM) depuis 2000";"Femmes";"Sans objet"
"010752414";"06/01/2022 10:20";"Non corrigé";"Temps complet dans le secteur privé";"0";"Rapport interdécile D9/D5 du salaire net annuel";"non";"Ratio";"Sans objet";"Sans objet";"Annuelle";"sans objet";"France métropolitaine jusqu'en 1999, France (métropole + DOM) depuis 2000";"Ensemble";"Sans objet"
"010752415";"06/01/2022 10:20";"Non corrigé";"Temps complet dans le secteur privé";"0";"Rapport interdécile D5/D1 du salaire net annuel";"non";"Ratio";"Sans objet";"Sans objet";"Annuelle";"sans objet";"France métropolitaine jusqu'en 1999, France (métropole + DOM) depuis 2000";"Hommes";"Sans objet"
"010752416";"06/01/2022 10:20";"Non corrigé";"Temps complet dans le secteur privé";"0";"Rapport interdécile D5/D1 du salaire net annuel";"non";"Ratio";"Sans objet";"Sans objet";"Annuelle";"sans objet";"France métropolitaine jusqu'en 1999, France (métropole + DOM) depuis 2000";"Femmes";"Sans objet"
"010752417";"06/01/2022 10:20";"Non corrigé";"Temps complet dans le secteur privé";"0";"Rapport interdécile D5/D1 du salaire net annuel";"non";"Ratio";"Sans objet";"Sans objet";"Annuelle";"sans objet";"France métropolitaine jusqu'en 1999, France (métropole + DOM) depuis 2000";"Ensemble";"Sans objet"
"010752418";"06/01/2022 10:20";"Non corrigé";"Temps complet dans le secteur privé";"0";"Indice du salaire net mensuel moyen d'un temps complet";"non";"Indice";"Sans objet";"2000";"Annuelle";"sans objet";"France";"Ensemble";"Euros constants"
"000883657";"24/01/2022 09:51";"Non corrigé";"Sans objet";"0";"Montant mensuel brut du SMIC";"non";"Valeur absolue";"Sans objet";"Sans objet";"Annuelle";"euros";"France métropolitaine";"Ensemble";"Sans objet"
"000883658";"24/01/2022 09:51";"Non corrigé";"Sans objet";"0";"Montant mensuel net du SMIC";"non";"Valeur absolue";"Sans objet";"Sans objet";"Annuelle";"euros";"France métropolitaine";"Ensemble";"Sans objet"
"000883671";"24/01/2022 09:51";"Non corrigé";"Sans objet";"0";"Montant horaire brut du SMIC";"non";"Valeur absolue";"Sans objet";"Sans objet";"Annuelle";"euros";"France métropolitaine";"Ensemble";"Sans objet"
""
"Codes"
""
"Q";"Couvert par le secret statistique"
"E";"Estimation"
"F";"Prévision"
"P";"Provisoire"
"SD";"Valeur semi-définitive"
"R";"Révision"
"A";"Valeur normale"
"N";"Valeur non significative"
"O";"Valeur manquante"
"U";"Valeur atypique"
